,elevation,lat,lon
0,880,60.3268384,9.4876382
1,880,60.3268384,9.4876382
2,880,60.3268384,9.4876382
3,880,60.3268384,9.4876382
4,880,60.3268384,9.4876382
5,880,60.3268384,9.4876382
6,880,60.3268384,9.4876382
7,880,60.3268384,9.4876382
8,880,60.3268384,9.4876382
9,880,60.3268384,9.4876382
10,880,60.3268384,9.4876382
11,880,60.3268384,9.4876382
12,880,60.3268384,9.4876382
13,880,60.3268384,9.4876382
14,880,60.3268384,9.4876382
15,880,60.3268384,9.4876382
16,880,60.3268384,9.4876382
17,880,60.3268384,9.4876382
18,880,60.3268384,9.4876382
19,880,60.3268384,9.4876382
20,880,60.3268384,9.4876382
21,880,60.3268384,9.4876382
22,880,60.3268384,9.4876382
23,880,60.3268384,9.4876382
24,880,60.3268384,9.4876382
25,880,60.3268384,9.4876382
26,880,60.3268384,9.4876382
27,880,60.3268384,9.4876382
28,880,60.3268384,9.4876382
29,880,60.3268384,9.4876382
30,880,60.3268384,9.4876382
31,880,60.3268384,9.4876382
32,880,60.3268384,9.4876382
33,880,60.3268384,9.4876382
34,880,60.3268384,9.4876382
35,880,60.3268384,9.4876382
36,862,60.32770664088834,9.49256223876506
37,857,60.32854850071663,9.492336663103929
38,843,60.3293384,9.491968327018922
39,836,60.33005233804843,9.491468422215593
40,835,60.3306686222156,9.490852138048432
41,830,60.331168527018924,9.490138199999999
42,844,60.33153686310393,9.489348300716628
43,865,60.33176243876506,9.488506440888333
44,882,60.3318384,9.4876382
45,891,60.33176243876506,9.486769959111665
46,896,60.33153686310393,9.48592809928337
47,889,60.331168527018924,9.4851382
48,876,60.3306686222156,9.484424261951567
49,866,60.33005233804843,9.483807977784405
50,860,60.3293384,9.483308072981076
51,856,60.32854850071663,9.48293973689607
52,854,60.32770664088834,9.482714161234938
53,862,60.3268384,9.482638199999998
54,883,60.32597015911166,9.482714161234938
55,901,60.32512829928337,9.48293973689607
56,905,60.3243384,9.483308072981076
57,912,60.32362446195157,9.483807977784405
58,920,60.3230081777844,9.484424261951567
59,927,60.322508272981075,9.4851382
60,931,60.32213993689607,9.48592809928337
61,934,60.32191436123494,9.486769959111665
62,934,60.3218384,9.4876382
63,932,60.32191436123494,9.488506440888333
64,933,60.32213993689607,9.489348300716628
65,933,60.322508272981075,9.490138199999999
66,928,60.3230081777844,9.490852138048432
67,917,60.32362446195157,9.491468422215593
68,910,60.3243384,9.491968327018922
69,901,60.32512829928337,9.492336663103929
70,884,60.32597015911166,9.49256223876506
71,866,60.3268384,9.4926382
72,847,60.32857488177667,9.497486277530122
73,822,60.33025860143326,9.497035126207859
74,806,60.3318384,9.496298454037843
75,804,60.333266276096865,9.49529864443119
76,812,60.33449884443119,9.494066076096864
77,860,60.33549865403784,9.4926382
78,901,60.336235326207856,9.491058401433255
79,915,60.33668647753012,9.489374681776669
80,917,60.3368384,9.4876382
81,915,60.33668647753012,9.48590171822333
82,907,60.336235326207856,9.484217998566743
83,908,60.33549865403784,9.482638199999998
84,905,60.33449884443119,9.481210323903134
85,909,60.333266276096865,9.47997775556881
86,893,60.3318384,9.478977945962155
87,897,60.33025860143326,9.47824127379214
88,878,60.32857488177667,9.477790122469877
89,857,60.3268384,9.4776382
90,865,60.32510191822333,9.477790122469877
91,887,60.32341819856674,9.47824127379214
92,911,60.3218384,9.478977945962155
93,937,60.320410523903135,9.47997775556881
94,951,60.31917795556881,9.481210323903134
95,964,60.31817814596216,9.482638199999998
96,977,60.317441473792144,9.484217998566743
97,1003,60.31699032246988,9.48590171822333
98,1027,60.3168384,9.4876382
99,1015,60.31699032246988,9.489374681776669
0,998,60.317441473792144,9.491058401433255
1,990,60.31817814596216,9.4926382
2,988,60.31917795556881,9.494066076096864
3,1003,60.320410523903135,9.49529864443119
4,979,60.3218384,9.496298454037843
5,930,60.32341819856674,9.497035126207859
6,901,60.32510191822333,9.497486277530122
7,873,60.3268384,9.497638199999999
8,818,60.329443122665005,9.502410316295183
9,800,60.33196870214989,9.501733589311788
10,790,60.3343384,9.500628581056766
11,809,60.3364802141453,9.499128866646783
12,850,60.338329066646786,9.497280014145298
13,923,60.33982878105677,9.4951382
14,957,60.34093378931179,9.492768502149884
15,956,60.341610516295184,9.490242922665002
16,947,60.3418384,9.4876382
17,917,60.341610516295184,9.485033477334996
18,910,60.34093378931179,9.482507897850114
19,916,60.33982878105677,9.480138199999999
20,920,60.338329066646786,9.4779963858547
21,922,60.3364802141453,9.476147533353215
22,912,60.3343384,9.474647818943232
23,899,60.33196870214989,9.47354281068821
24,870,60.329443122665005,9.472866083704815
25,882,60.3268384,9.472638199999999
26,909,60.324233677334995,9.472866083704815
27,906,60.32170809785011,9.47354281068821
28,913,60.3193384,9.474647818943232
29,945,60.3171965858547,9.476147533353215
30,971,60.315347733353214,9.4779963858547
31,990,60.31384801894323,9.480138199999999
32,1000,60.31274301068821,9.482507897850114
33,1014,60.312066283704816,9.485033477334996
34,1020,60.3118384,9.4876382
35,1017,60.312066283704816,9.490242922665002
36,1008,60.31274301068821,9.492768502149884
37,999,60.31384801894323,9.4951382
38,1019,60.315347733353214,9.497280014145298
39,1027,60.3171965858547,9.499128866646783
40,1003,60.3193384,9.500628581056766
41,963,60.32170809785011,9.501733589311788
42,915,60.324233677334995,9.502410316295183
43,852,60.3268384,9.5026382
44,799,60.330311363553335,9.507334355060243
45,791,60.333678802866515,9.506432052415718
46,794,60.3368384,9.504958708075687
47,838,60.33969415219373,9.50295908886238
48,929,60.342159288862376,9.50049395219373
49,973,60.34415890807569,9.497638199999999
50,988,60.34563225241572,9.494478602866513
51,966,60.346534555060245,9.491111163553338
52,949,60.3468384,9.4876382
53,959,60.346534555060245,9.48416523644666
54,932,60.34563225241572,9.480797797133485
55,915,60.34415890807569,9.4776382
56,953,60.342159288862376,9.474782447806268
57,927,60.33969415219373,9.472317311137619
58,903,60.3368384,9.470317691924311
59,883,60.333678802866515,9.46884434758428
60,878,60.330311363553335,9.467942044939756
61,916,60.3268384,9.4676382
62,931,60.323365436446664,9.467942044939756
63,916,60.319997997133484,9.46884434758428
64,942,60.3168384,9.470317691924311
65,989,60.31398264780627,9.472317311137619
66,1008,60.31151751113762,9.474782447806268
67,1022,60.30951789192431,9.4776382
68,1031,60.30804454758428,9.480797797133485
69,1025,60.307142244939755,9.48416523644666
70,1036,60.3068384,9.4876382
71,1041,60.307142244939755,9.491111163553338
72,1054,60.30804454758428,9.494478602866513
73,1062,60.30951789192431,9.497638199999999
74,1116,60.31151751113762,9.50049395219373
75,1114,60.31398264780627,9.50295908886238
76,1041,60.3168384,9.504958708075687
77,1003,60.319997997133484,9.506432052415718
78,921,60.323365436446664,9.507334355060243
79,836,60.3268384,9.507638199999999
80,775,60.33117960444167,9.512258393825304
81,793,60.335388903583144,9.511130515519646
82,804,60.3393384,9.50928883509461
83,902,60.34290809024216,9.506789311077974
84,945,60.345989511077974,9.503707890242163
85,954,60.34848903509461,9.500138199999999
86,995,60.35033071551965,9.49618870358314
87,1054,60.351458593825306,9.491979404441672
88,1056,60.3518384,9.4876382
89,994,60.351458593825306,9.483296995558327
90,973,60.35033071551965,9.479087696416858
91,979,60.34848903509461,9.4751382
92,996,60.345989511077974,9.471568509757835
93,936,60.34290809024216,9.468487088922025
94,885,60.3393384,9.465987564905388
95,870,60.335388903583144,9.464145884480352
96,885,60.33117960444167,9.463018006174694
97,930,60.3268384,9.462638199999999
98,941,60.32249719555833,9.463018006174694
99,953,60.318287896416855,9.464145884480352
0,1019,60.3143384,9.465987564905388
1,1051,60.31076870975784,9.468487088922025
2,1082,60.307687288922025,9.471568509757835
3,1103,60.30518776490539,9.4751382
4,1087,60.30334608448035,9.479087696416858
5,1091,60.30221820617469,9.483296995558327
6,1083,60.3018384,9.4876382
7,1129,60.30221820617469,9.491979404441672
8,1141,60.30334608448035,9.49618870358314
9,1148,60.30518776490539,9.500138199999999
10,1130,60.307687288922025,9.503707890242163
11,1160,60.31076870975784,9.506789311077974
12,1074,60.3143384,9.50928883509461
13,926,60.318287896416855,9.511130515519646
14,909,60.32249719555833,9.512258393825304
15,811,60.3268384,9.5126382
16,749,60.33204784533001,9.517182432590365
17,849,60.33709900429977,9.515828978623576
18,784,60.3418384,9.513618962113533
19,821,60.346122028290594,9.51061953329357
20,828,60.34981973329357,9.506921828290595
21,934,60.35281916211353,9.5026382
22,943,60.355029178623575,9.49789880429977
23,1005,60.35638263259037,9.492847645330007
24,1038,60.3568384,9.4876382
25,1071,60.35638263259037,9.482428754669991
26,1041,60.355029178623575,9.47737759570023
27,1013,60.35281916211353,9.472638199999999
28,971,60.34981973329357,9.468354571709403
29,931,60.346122028290594,9.464656866706429
30,894,60.3418384,9.461657437886466
31,870,60.33709900429977,9.459447421376423
32,900,60.33204784533001,9.458093967409633
33,986,60.3268384,9.4576382
34,977,60.32162895466999,9.458093967409633
35,1020,60.316577795700226,9.459447421376423
36,1096,60.3118384,9.461657437886466
37,1162,60.307554771709405,9.464656866706429
38,1187,60.30385706670643,9.468354571709403
39,1216,60.300857637886466,9.472638199999999
40,1184,60.298647621376425,9.47737759570023
41,1141,60.29729416740963,9.482428754669991
42,1128,60.2968384,9.4876382
43,1182,60.29729416740963,9.492847645330007
44,1212,60.298647621376425,9.49789880429977
45,1150,60.300857637886466,9.5026382
46,1138,60.30385706670643,9.506921828290595
47,1075,60.307554771709405,9.51061953329357
48,1067,60.3118384,9.513618962113533
49,940,60.316577795700226,9.515828978623576
50,856,60.32162895466999,9.517182432590365
51,785,60.3268384,9.517638199999999
52,795,60.33291608621834,9.522106471355427
53,746,60.338809105016395,9.520527441727506
54,704,60.3443384,9.517949089132454
55,703,60.34933596633903,9.514449755509164
56,776,60.35364995550916,9.510135766339028
57,785,60.35714928913246,9.5051382
58,764,60.35972764172751,9.499608905016398
59,815,60.36130667135543,9.493715886218341
60,894,60.361838399999996,9.4876382
61,937,60.36130667135543,9.481560513781657
62,1036,60.35972764172751,9.4756674949836
63,1031,60.35714928913246,9.4701382
64,1011,60.35364995550916,9.46514063366097
65,918,60.34933596633903,9.460826644490835
66,879,60.3443384,9.457327310867544
67,876,60.338809105016395,9.454748958272493
68,977,60.33291608621834,9.453169928644572
69,1051,60.3268384,9.452638199999999
70,1006,60.32076071378166,9.453169928644572
71,1084,60.314867694983604,9.454748958272493
72,1211,60.3093384,9.457327310867544
73,1320,60.30434083366097,9.460826644490835
74,1403,60.30002684449084,9.46514063366097
75,1384,60.29652751086754,9.4701382
76,1216,60.29394915827249,9.4756674949836
77,1133,60.29237012864457,9.481560513781657
78,1120,60.2918384,9.4876382
79,1147,60.29237012864457,9.493715886218341
80,1087,60.29394915827249,9.499608905016398
81,1056,60.29652751086754,9.5051382
82,1020,60.30002684449084,9.510135766339028
83,1030,60.30434083366097,9.514449755509164
84,1015,60.3093384,9.517949089132454
85,938,60.314867694983604,9.520527441727506
86,848,60.32076071378166,9.522106471355427
87,759,60.3268384,9.5226382
88,744,60.33378432710668,9.527030510120488
89,662,60.340519205733024,9.525225904831435
90,664,60.3468384,9.522279216151377
91,661,60.35254990438746,9.518279977724758
92,693,60.35748017772476,9.51334970438746
93,682,60.361479416151376,9.507638199999999
94,702,60.36442610483144,9.501319005733025
95,697,60.36623071012049,9.494584127106677
96,729,60.3668384,9.4876382
97,823,60.36623071012049,9.480692272893322
98,920,60.36442610483144,9.473957394266973
99,977,60.361479416151376,9.4676382
0,1007,60.35748017772476,9.461926695612538
1,945,60.35254990438746,9.45699642227524
2,872,60.3468384,9.452997183848622
3,885,60.340519205733024,9.450050495168563
4,1015,60.33378432710668,9.44824588987951
5,1083,60.3268384,9.4476382
6,1054,60.31989247289332,9.44824588987951
7,1166,60.313157594266976,9.450050495168563
8,1315,60.3068384,9.452997183848622
9,1384,60.30112689561254,9.45699642227524
10,1381,60.29619662227524,9.461926695612538
11,1318,60.292197383848624,9.4676382
12,1269,60.28925069516856,9.473957394266973
13,1123,60.28744608987951,9.480692272893322
14,1091,60.2868384,9.4876382
15,1021,60.28744608987951,9.494584127106677
16,994,60.28925069516856,9.501319005733025
17,977,60.292197383848624,9.507638199999999
18,934,60.29619662227524,9.51334970438746
19,995,60.30112689561254,9.518279977724758
20,904,60.3068384,9.522279216151377
21,917,60.313157594266976,9.525225904831435
22,869,60.31989247289332,9.527030510120488
23,747,60.3268384,9.527638199999998
24,617,60.334652567995015,9.53195454888555
25,603,60.34222930644965,9.529924367935365
26,605,60.3493384,9.5266093431703
27,637,60.35576384243589,9.522110199940354
28,675,60.36131039994035,9.516563642435894
29,650,60.3658095431703,9.5101382
30,619,60.369124567935366,9.503029106449654
31,605,60.37115474888555,9.49545236799501
32,630,60.3718384,9.4876382
33,708,60.37115474888555,9.479824032004988
34,862,60.369124567935366,9.472247293550344
35,1000,60.3658095431703,9.465138199999998
36,983,60.36131039994035,9.458712757564104
37,924,60.35576384243589,9.453166200059645
38,896,60.3493384,9.448667056829699
39,892,60.34222930644965,9.445352032064633
40,1033,60.334652567995015,9.44332185111445
41,1182,60.3268384,9.4426382
42,1110,60.319024232004985,9.44332185111445
43,1237,60.31144749355035,9.445352032064633
44,1270,60.3043384,9.448667056829699
45,1337,60.29791295756411,9.453166200059645
46,1405,60.29236640005965,9.458712757564104
47,1409,60.2878672568297,9.465138199999998
48,1309,60.284552232064634,9.472247293550344
49,1189,60.28252205111445,9.479824032004988
50,1188,60.2818384,9.4876382
51,1135,60.28252205111445,9.49545236799501
52,1081,60.284552232064634,9.503029106449654
53,947,60.2878672568297,9.5101382
54,868,60.29236640005965,9.516563642435894
55,879,60.29791295756411,9.522110199940354
56,895,60.3043384,9.5266093431703
57,932,60.31144749355035,9.529924367935365
58,817,60.319024232004985,9.53195454888555
59,719,60.3268384,9.5326382
60,649,60.335520808883345,9.536878587650609
61,558,60.34393940716628,9.534622831039295
62,587,60.3518384,9.530939470189221
63,628,60.358977780484324,9.525940422155948
64,621,60.36514062215595,9.519777580484327
65,598,60.370139670189225,9.5126382
66,532,60.373823031039294,9.504739207166283
67,596,60.37607878765061,9.496320608883346
68,640,60.3768384,9.4876382
69,747,60.37607878765061,9.478955791116652
70,727,60.373823031039294,9.470537192833715
71,853,60.370139670189225,9.462638199999999
72,954,60.36514062215595,9.455498819515672
73,925,60.358977780484324,9.44933597784405
74,900,60.3518384,9.444336929810778
75,920,60.34393940716628,9.440653568960704
76,1055,60.335520808883345,9.43839781234939
77,1214,60.3268384,9.437638199999999
78,1180,60.318155991116654,9.43839781234939
79,1306,60.30973739283372,9.440653568960704
80,1233,60.3018384,9.444336929810778
81,1308,60.294699019515676,9.44933597784405
82,1379,60.28853617784405,9.455498819515672
83,1348,60.283537129810775,9.462638199999999
84,1324,60.279853768960706,9.470537192833715
85,1360,60.27759801234939,9.478955791116652
86,1261,60.2768384,9.4876382
87,1277,60.27759801234939,9.496320608883346
88,1152,60.279853768960706,9.504739207166283
89,1051,60.283537129810775,9.5126382
90,910,60.28853617784405,9.519777580484327
91,841,60.294699019515676,9.525940422155948
92,776,60.3018384,9.530939470189221
93,871,60.30973739283372,9.534622831039295
94,706,60.318155991116654,9.536878587650609
95,675,60.3268384,9.5376382
96,668,60.33638904977168,9.54180262641567
97,620,60.34564950788291,9.539321294143225
98,548,60.3543384,9.535269597208144
99,595,60.362191718532756,9.529770644371544
0,638,60.368970844371546,9.52299151853276
1,556,60.37446979720814,9.515138199999999
2,534,60.37852149414322,9.50644930788291
3,660,60.381002826415674,9.49718884977168
4,581,60.3818384,9.4876382
5,617,60.381002826415674,9.478087550228318
6,715,60.37852149414322,9.468827092117088
7,731,60.37446979720814,9.4601382
8,855,60.368970844371546,9.45228488146724
9,907,60.362191718532756,9.445505755628455
10,946,60.3543384,9.440006802791855
11,915,60.34564950788291,9.435955105856774
12,1049,60.33638904977168,9.433473773584328
13,1221,60.3268384,9.4326382
14,1200,60.31728775022832,9.433473773584328
15,1297,60.30802729211709,9.435955105856774
16,1225,60.299338399999996,9.440006802791855
17,1283,60.29148508146724,9.445505755628455
18,1319,60.28470595562845,9.45228488146724
19,1335,60.27920700279186,9.4601382
20,1367,60.27515530585678,9.468827092117088
21,1408,60.272673973584325,9.478087550228318
22,1277,60.2718384,9.4876382
23,1249,60.272673973584325,9.49718884977168
24,1183,60.27515530585678,9.50644930788291
25,1089,60.27920700279186,9.515138199999999
26,965,60.28470595562845,9.52299151853276
27,799,60.29148508146724,9.529770644371544
28,728,60.299338399999996,9.535269597208144
29,811,60.30802729211709,9.539321294143225
30,631,60.31728775022832,9.54180262641567
31,703,60.3268384,9.542638199999999
32,773,60.33725729066001,9.546726665180731
33,620,60.34735960859954,9.544019757247154
34,517,60.3568384,9.539599724227065
35,585,60.365405656581196,9.533600866587138
36,572,60.37280106658714,9.526205456581192
37,382,60.37879992422707,9.517638199999999
38,589,60.38321995724716,9.50815940859954
39,667,60.385926865180735,9.498057090660016
40,662,60.3868384,9.4876382
41,679,60.385926865180735,9.477219309339983
42,733,60.38321995724716,9.46711699140046
43,811,60.37879992422707,9.4576382
44,771,60.37280106658714,9.449070943418807
45,869,60.365405656581196,9.44167553341286
46,965,60.3568384,9.435676675772934
47,910,60.34735960859954,9.431256642752844
48,1031,60.33725729066001,9.428549734819267
49,1167,60.3268384,9.427638199999999
50,1278,60.31641950933999,9.428549734819267
51,1314,60.30631719140046,9.431256642752844
52,1205,60.2968384,9.435676675772934
53,1208,60.288271143418804,9.44167553341286
54,1259,60.28087573341286,9.449070943418807
55,1271,60.27487687577293,9.4576382
56,1314,60.27045684275284,9.46711699140046
57,1354,60.267749934819264,9.477219309339983
58,1302,60.2668384,9.4876382
59,1202,60.267749934819264,9.498057090660016
60,1150,60.27045684275284,9.50815940859954
61,1085,60.27487687577293,9.517638199999999
62,1035,60.28087573341286,9.526205456581192
63,865,60.288271143418804,9.533600866587138
64,662,60.2968384,9.539599724227065
65,685,60.30631719140046,9.544019757247154
66,673,60.31641950933999,9.546726665180731
67,795,60.3268384,9.5476382
68,833,60.33812553154835,9.551650703945793
69,617,60.34906970931617,9.548718220351084
70,443,60.3593384,9.543929851245988
71,546,60.36861959462963,9.537431088802732
72,410,60.376631288802734,9.529419394629624
73,314,60.383130051245985,9.5201382
74,457,60.387918420351085,9.509869509316168
75,355,60.3908509039458,9.49892533154835
76,663,60.3918384,9.4876382
77,699,60.3908509039458,9.476351068451649
78,767,60.387918420351085,9.46540689068383
79,898,60.383130051245985,9.455138199999999
80,873,60.376631288802734,9.445857005370375
81,853,60.36861959462963,9.437845311197266
82,954,60.3593384,9.43134654875401
83,941,60.34906970931617,9.426558179648914
84,1033,60.33812553154835,9.423625696054206
85,1163,60.3268384,9.4226382
86,1353,60.31555126845165,9.423625696054206
87,1363,60.30460709068383,9.426558179648914
88,1171,60.2943384,9.43134654875401
89,1151,60.28505720537037,9.437845311197266
90,1167,60.277045511197265,9.445857005370375
91,1182,60.270546748754015,9.455138199999999
92,1232,60.265758379648915,9.46540689068383
93,1284,60.2628258960542,9.476351068451649
94,1336,60.2618384,9.4876382
95,1274,60.2628258960542,9.49892533154835
96,1177,60.265758379648915,9.509869509316168
97,1043,60.270546748754015,9.5201382
98,1057,60.277045511197265,9.529419394629624
99,902,60.28505720537037,9.537431088802732
0,712,60.2943384,9.543929851245988
1,621,60.30460709068383,9.548718220351084
2,658,60.31555126845165,9.551650703945793
3,919,60.3268384,9.552638199999999
4,811,60.33899377243669,9.556574742710854
5,626,60.3507798100328,9.553416683455012
6,447,60.361838399999996,9.54825997826491
7,487,60.37183353267806,9.541261311018328
8,320,60.380461511018325,9.532633332678056
9,229,60.38746017826491,9.5226382
10,201,60.39261688345501,9.511579610032797
11,181,60.39577494271085,9.499793572436685
12,281,60.3968384,9.4876382
13,654,60.39577494271085,9.475482827563313
14,668,60.39261688345501,9.463696789967203
15,995,60.38746017826491,9.452638199999999
16,903,60.380461511018325,9.442643067321942
17,804,60.37183353267806,9.43401508898167
18,953,60.361838399999996,9.427016421735088
19,1001,60.3507798100328,9.421859716544986
20,1024,60.33899377243669,9.418701657289144
21,1175,60.3268384,9.417638199999999
22,1386,60.31468302756331,9.418701657289144
23,1397,60.3028969899672,9.421859716544986
24,1122,60.2918384,9.427016421735088
25,1116,60.28184326732194,9.43401508898167
26,1087,60.273215288981675,9.442643067321942
27,1137,60.26621662173509,9.452638199999999
28,1159,60.26105991654499,9.463696789967202
29,1243,60.25790185728915,9.475482827563313
30,1286,60.2568384,9.4876382
31,1303,60.25790185728915,9.499793572436685
32,1263,60.26105991654499,9.511579610032795
33,1091,60.26621662173509,9.5226382
34,1004,60.273215288981675,9.532633332678056
35,997,60.28184326732194,9.541261311018328
36,683,60.2918384,9.54825997826491
37,642,60.3028969899672,9.553416683455012
38,717,60.31468302756331,9.556574742710854
39,957,60.3268384,9.5576382
40,806,60.33986201332502,9.561498781475915
41,633,60.352489910749426,9.558115146558942
42,429,60.3643384,9.552590105283832
43,291,60.37504747072649,9.545091533233922
44,241,60.38429173323392,9.53584727072649
45,161,60.391790305283834,9.525138199999999
46,133,60.39731534655894,9.513289710749424
47,133,60.40069898147591,9.500661813325019
48,178,60.4018384,9.4876382
49,478,60.40069898147591,9.47461458667498
50,645,60.39731534655894,9.461986689250574
51,966,60.391790305283834,9.4501382
52,885,60.38429173323392,9.439429129273508
53,766,60.37504747072649,9.430184866766076
54,976,60.3643384,9.422686294716167
55,1021,60.352489910749426,9.417161253441057
56,1028,60.33986201332502,9.413777618524083
57,1230,60.3268384,9.4126382
58,1382,60.31381478667498,9.413777618524083
59,1368,60.30118688925057,9.417161253441057
60,1081,60.2893384,9.422686294716167
61,1057,60.27862932927351,9.430184866766076
62,1064,60.26938506676608,9.439429129273508
63,1113,60.261886494716165,9.4501382
64,1068,60.25636145344106,9.461986689250574
65,1162,60.25297781852409,9.47461458667498
66,1171,60.2518384,9.4876382
67,1310,60.25297781852409,9.500661813325019
68,1262,60.25636145344106,9.513289710749424
69,1167,60.261886494716165,9.525138199999999
70,935,60.26938506676608,9.53584727072649
71,942,60.27862932927351,9.545091533233922
72,652,60.2893384,9.552590105283832
73,630,60.30118688925057,9.558115146558942
74,771,60.31381478667498,9.561498781475915
75,881,60.3268384,9.562638199999999
76,694,60.340730254213355,9.566422820240977
77,640,60.354200011466055,9.562813609662872
78,350,60.3668384,9.556920232302755
79,270,60.378261408774925,9.548921755449518
80,171,60.38812195544952,9.539061208774923
81,191,60.39612043230275,9.527638199999998
82,217,60.402013809662876,9.514999811466053
83,129,60.405623020240974,9.501530054213355
84,194,60.4068384,9.4876382
85,235,60.405623020240974,9.473746345786644
86,671,60.402013809662876,9.460276588533945
87,872,60.39612043230275,9.4476382
88,856,60.38812195544952,9.436215191225076
89,719,60.378261408774925,9.42635464455048
90,989,60.3668384,9.418356167697244
91,1055,60.354200011466055,9.412462790337127
92,1033,60.340730254213355,9.408853579759022
93,1333,60.3268384,9.4076382
94,1375,60.312946545786644,9.408853579759022
95,1250,60.299476788533944,9.412462790337127
96,1047,60.2868384,9.418356167697244
97,998,60.275415391225074,9.42635464455048
98,1019,60.26555484455048,9.436215191225076
99,1050,60.25755636769725,9.4476382
0,1015,60.251662990337124,9.460276588533945
1,1071,60.248053779759026,9.473746345786644
2,1150,60.2468384,9.4876382
3,1225,60.248053779759026,9.501530054213355
4,1222,60.251662990337124,9.514999811466053
5,1104,60.25755636769725,9.527638199999998
6,981,60.26555484455048,9.539061208774923
7,884,60.275415391225074,9.548921755449518
8,651,60.2868384,9.556920232302755
9,663,60.299476788533944,9.562813609662872
10,776,60.312946545786644,9.566422820240977
11,825,60.3268384,9.5676382
12,657,60.34159849510169,9.571346859006036
13,536,60.355910112182684,9.567512072766801
14,283,60.3693384,9.561250359321676
15,293,60.38147534682336,9.552751977665112
16,152,60.39195217766511,9.542275146823355
17,215,60.400450559321676,9.5301382
18,368,60.4067122727668,9.516709912182682
19,133,60.410547059006035,9.502398295101688
20,137,60.4118384,9.4876382
21,261,60.410547059006035,9.47287810489831
22,708,60.4067122727668,9.458566487817317
23,828,60.400450559321676,9.445138199999999
24,773,60.39195217766511,9.433001253176643
25,728,60.38147534682336,9.422524422334886
26,1002,60.3693384,9.414026040678323
27,1047,60.355910112182684,9.407764327233197
28,1076,60.34159849510169,9.403929540993962
29,1358,60.3268384,9.402638199999998
30,1390,60.31207830489831,9.403929540993962
31,1180,60.297766687817315,9.407764327233197
32,1013,60.2843384,9.414026040678323
33,969,60.27220145317664,9.422524422334886
34,951,60.26172462233489,9.433001253176643
35,991,60.25322624067832,9.445138199999999
36,965,60.246964527233196,9.458566487817317
37,969,60.243129740993965,9.47287810489831
38,1070,60.2418384,9.4876382
39,1096,60.243129740993965,9.502398295101688
40,1185,60.246964527233196,9.516709912182682
41,1037,60.25322624067832,9.5301382
42,1000,60.26172462233489,9.542275146823355
43,773,60.27220145317664,9.552751977665112
44,653,60.2843384,9.561250359321676
45,709,60.297766687817315,9.567512072766801
46,737,60.31207830489831,9.571346859006036
47,741,60.3268384,9.5726382
48,614,60.34246673599002,9.576270897771098
49,443,60.35762021289931,9.572210535870731
50,225,60.3718384,9.565580486340599
51,203,60.38468928487179,9.556582199880708
52,161,60.39578239988071,9.545489084871788
53,312,60.4047806863406,9.5326382
54,528,60.41141073587073,9.518420012899309
55,134,60.415471097771096,9.503266535990022
56,129,60.4168384,9.4876382
57,242,60.415471097771096,9.472009864009976
58,608,60.41141073587073,9.45685638710069
59,708,60.4047806863406,9.4426382
60,663,60.39578239988071,9.42978731512821
61,712,60.38468928487179,9.41869420011929
62,1008,60.3718384,9.4096959136594
63,1045,60.35762021289931,9.403065864129267
64,1157,60.34246673599002,9.399005502228901
65,1369,60.3268384,9.3976382
66,1350,60.31121006400998,9.399005502228901
67,1108,60.296056587100686,9.403065864129267
68,997,60.2818384,9.4096959136594
69,927,60.26898751512821,9.41869420011929
70,842,60.25789440011929,9.42978731512821
71,910,60.2488961136594,9.4426382
72,896,60.24226606412927,9.45685638710069
73,913,60.2382057022289,9.472009864009976
74,970,60.236838399999996,9.4876382
75,927,60.2382057022289,9.503266535990022
76,1117,60.24226606412927,9.518420012899309
77,1033,60.2488961136594,9.5326382
78,953,60.25789440011929,9.545489084871788
79,709,60.26898751512821,9.556582199880708
80,596,60.2818384,9.565580486340599
81,627,60.296056587100686,9.572210535870731
82,756,60.31121006400998,9.576270897771098
83,639,60.3268384,9.577638199999999
84,579,60.34333497687836,9.581194936536159
85,384,60.359330313615935,9.57690899897466
86,171,60.3743384,9.569910613359522
87,176,60.38790322292022,9.560412422096302
88,154,60.3996126220963,9.54870302292022
89,531,60.40911081335952,9.535138199999999
90,706,60.41610919897466,9.520130113615938
91,215,60.42039513653616,9.504134776878358
92,130,60.4218384,9.4876382
93,166,60.42039513653616,9.47114162312164
94,398,60.41610919897466,9.45514628638406
95,657,60.40911081335952,9.4401382
96,587,60.3996126220963,9.426573377079778
97,666,60.38790322292022,9.414863977903696
98,945,60.3743384,9.405365786640477
99,1042,60.359330313615935,9.398367401025338
0,1218,60.34333497687836,9.39408146346384
1,1385,60.3268384,9.392638199999999
2,1318,60.31034182312164,9.39408146346384
3,1099,60.294346486384065,9.398367401025338
4,988,60.2793384,9.405365786640477
5,839,60.26577357707978,9.414863977903696
6,835,60.2540641779037,9.426573377079778
7,855,60.24456598664048,9.4401382
8,815,60.23756760102534,9.45514628638406
9,906,60.23328166346384,9.47114162312164
10,887,60.2318384,9.4876382
11,870,60.23328166346384,9.504134776878358
12,1030,60.23756760102534,9.520130113615938
13,1087,60.24456598664048,9.535138199999999
14,952,60.2540641779037,9.54870302292022
15,727,60.26577357707978,9.560412422096302
16,545,60.2793384,9.569910613359522
17,588,60.294346486384065,9.57690899897466
18,739,60.31034182312164,9.581194936536159
19,628,60.3268384,9.5826382
20,553,60.34420321776669,9.58611897530122
21,361,60.361040414332564,9.58160746207859
22,150,60.3768384,9.574240740378443
23,140,60.391117160968655,9.564242644311896
24,282,60.4034428443119,9.551916960968653
25,568,60.41344094037844,9.5376382
26,661,60.42080766207859,9.521840214332567
27,477,60.42531917530122,9.505003017766692
28,167,60.4268384,9.4876382
29,131,60.42531917530122,9.470273382233307
30,344,60.42080766207859,9.453436185667432
31,449,60.41344094037844,9.437638199999999
32,537,60.4034428443119,9.423359439031346
33,612,60.391117160968655,9.411033755688102
34,887,60.3768384,9.401035659621556
35,1016,60.361040414332564,9.393668937921408
36,1280,60.34420321776669,9.389157424698778
37,1361,60.3268384,9.3876382
38,1231,60.30947358223331,9.389157424698778
39,1104,60.292636385667436,9.393668937921408
40,976,60.2768384,9.401035659621556
41,777,60.262559639031345,9.411033755688102
42,863,60.2502339556881,9.423359439031346
43,836,60.240235859621556,9.437638199999999
44,751,60.23286913792141,9.453436185667432
45,788,60.22835762469878,9.470273382233307
46,772,60.2268384,9.4876382
47,857,60.22835762469878,9.505003017766692
48,902,60.23286913792141,9.521840214332567
49,1121,60.240235859621556,9.5376382
50,1052,60.2502339556881,9.551916960968653
51,750,60.262559639031345,9.564242644311896
52,518,60.2768384,9.574240740378443
53,507,60.292636385667436,9.58160746207859
54,688,60.30947358223331,9.58611897530122
55,622,60.3268384,9.587638199999999
56,580,60.34507145865503,9.591043014066281
57,335,60.36275051504919,9.58630592518252
58,151,60.3793384,9.578570867397366
59,125,60.39433109901709,9.568072866527492
60,428,60.407273066527495,9.555130899017087
61,604,60.41777106739737,9.5401382
62,639,60.42550612518252,9.523550315049194
63,541,60.43024321406628,9.505871258655027
64,193,60.4318384,9.4876382
65,129,60.43024321406628,9.469405141344971
66,155,60.42550612518252,9.451726084950804
67,399,60.41777106739737,9.435138199999999
68,484,60.407273066527495,9.420145500982912
69,584,60.39433109901709,9.407203533472506
70,859,60.3793384,9.396705532602633
71,1042,60.36275051504919,9.388970474817478
72,1306,60.34507145865503,9.384233385933717
73,1310,60.3268384,9.382638199999999
74,1156,60.30860534134497,9.384233385933717
75,1062,60.29092628495081,9.388970474817478
76,963,60.2743384,9.396705532602633
77,747,60.25934570098291,9.407203533472506
78,857,60.246403733472505,9.420145500982912
79,785,60.23590573260263,9.435138199999999
80,758,60.22817067481748,9.451726084950804
81,732,60.22343358593372,9.469405141344971
82,754,60.2218384,9.4876382
83,796,60.22343358593372,9.505871258655027
84,813,60.22817067481748,9.523550315049194
85,1077,60.23590573260263,9.5401382
86,1087,60.246403733472505,9.555130899017087
87,702,60.25934570098291,9.568072866527492
88,504,60.2743384,9.578570867397366
89,518,60.29092628495081,9.58630592518252
90,624,60.30860534134497,9.591043014066281
91,607,60.3268384,9.5926382
92,552,60.345939699543365,9.595967052831343
93,319,60.36446061576582,9.59100438828645
94,124,60.3818384,9.582900994416287
95,215,60.39754503706552,9.571903088743086
96,525,60.411103288743085,9.558344837065519
97,708,60.422101194416285,9.542638199999999
98,679,60.43020458828645,9.525260415765823
99,505,60.43516725283134,9.506739499543361
0,307,60.4368384,9.4876382
1,136,60.43516725283134,9.468536900456638
2,199,60.43020458828645,9.450015984234176
3,352,60.422101194416285,9.4326382
4,436,60.411103288743085,9.41693156293448
5,572,60.39754503706552,9.403373311256912
6,821,60.3818384,9.392375405583712
7,1075,60.36446061576582,9.384272011713549
8,1275,60.345939699543365,9.379309347168656
9,1245,60.3268384,9.3776382
10,1170,60.307737100456634,9.379309347168656
11,1025,60.28921618423418,9.384272011713549
12,977,60.2718384,9.39237540558371
13,701,60.25613176293448,9.403373311256912
14,818,60.242573511256914,9.41693156293448
15,754,60.231575605583714,9.4326382
16,782,60.22347221171355,9.450015984234176
17,717,60.21850954716866,9.468536900456638
18,736,60.2168384,9.4876382
19,766,60.21850954716866,9.506739499543361
20,811,60.22347221171355,9.525260415765823
21,982,60.231575605583714,9.542638199999999
22,1082,60.242573511256914,9.558344837065519
23,740,60.25613176293448,9.571903088743086
24,473,60.2718384,9.582900994416287
25,541,60.28921618423418,9.59100438828645
26,691,60.307737100456634,9.595967052831343
27,622,60.3268384,9.597638199999999
28,413,60.346807940431695,9.600891091596402
29,291,60.36617071648245,9.595702851390378
30,124,60.3843384,9.58723112143521
31,415,60.40075897511395,9.575733310958682
32,641,60.41493351095868,9.561558775113951
33,796,60.42643132143521,9.545138199999998
34,755,60.43490305139038,9.526970516482452
35,572,60.4400912915964,9.507607740431697
36,501,60.4418384,9.4876382
37,177,60.4400912915964,9.467668659568302
38,179,60.43490305139038,9.448305883517547
39,331,60.42643132143521,9.4301382
40,340,60.41493351095868,9.413717624886047
41,575,60.40075897511395,9.399543089041316
42,788,60.3843384,9.388045278564789
43,1134,60.36617071648245,9.37957354860962
44,1272,60.346807940431695,9.374385308403596
45,1220,60.3268384,9.372638199999999
46,1198,60.306868859568304,9.374385308403596
47,994,60.28750608351755,9.37957354860962
48,891,60.2693384,9.388045278564789
49,620,60.25291782488605,9.399543089041316
50,757,60.23874328904132,9.413717624886047
51,741,60.22724547856479,9.4301382
52,743,60.21877374860962,9.448305883517547
53,705,60.2135855084036,9.467668659568302
54,699,60.2118384,9.4876382
55,784,60.2135855084036,9.507607740431697
56,762,60.21877374860962,9.526970516482452
57,892,60.22724547856479,9.545138199999998
58,1002,60.23874328904132,9.561558775113951
59,763,60.25291782488605,9.575733310958682
60,353,60.2693384,9.58723112143521
61,507,60.28750608351755,9.595702851390378
62,734,60.306868859568304,9.600891091596402
63,587,60.3268384,9.6026382
64,224,60.34767618132003,9.605815130361464
65,229,60.36788081719908,9.600401314494308
66,124,60.3868384,9.591561248454132
67,575,60.403972913162384,9.579563533174277
68,755,60.41876373317428,9.564772713162384
69,850,60.430761448454135,9.5476382
70,877,60.439601514494306,9.528680617199079
71,632,60.445015330361464,9.50847598132003
72,568,60.4468384,9.4876382
73,294,60.445015330361464,9.466800418679968
74,136,60.439601514494306,9.44659578280092
75,332,60.430761448454135,9.427638199999999
76,319,60.41876373317428,9.410503686837615
77,549,60.403972913162384,9.395712866825722
78,752,60.3868384,9.383715151545866
79,1089,60.36788081719908,9.37487508550569
80,1257,60.34767618132003,9.369461269638535
81,1151,60.3268384,9.3676382
82,1185,60.30600061867997,9.369461269638535
83,994,60.28579598280092,9.37487508550569
84,824,60.2668384,9.383715151545866
85,630,60.249703886837615,9.395712866825722
86,670,60.23491306682572,9.410503686837615
87,678,60.222915351545865,9.427638199999999
88,724,60.21407528550569,9.44659578280092
89,680,60.208661469638535,9.466800418679968
90,662,60.2068384,9.4876382
91,731,60.208661469638535,9.50847598132003
92,706,60.21407528550569,9.528680617199079
93,842,60.222915351545865,9.5476382
94,927,60.23491306682572,9.564772713162384
95,760,60.249703886837615,9.579563533174277
96,358,60.2668384,9.591561248454132
97,496,60.28579598280092,9.600401314494308
98,693,60.30600061867997,9.605815130361464
99,561,60.3268384,9.607638199999998
0,124,60.34854442220836,9.610739169126525
1,187,60.36959091791571,9.605099777598237
2,224,60.3893384,9.595891375473053
3,678,60.40718685121082,9.58339375538987
4,822,60.42259395538987,9.567986651210816
5,934,60.43509157547305,9.5501382
6,919,60.44429997759824,9.530390717915708
7,725,60.449939369126525,9.509344222208366
8,577,60.4518384,9.4876382
9,353,60.449939369126525,9.465932177791633
10,133,60.44429997759824,9.44488568208429
11,207,60.43509157547305,9.4251382
12,231,60.42259395538987,9.407289748789182
13,509,60.40718685121082,9.391882644610128
14,743,60.3893384,9.379385024526945
15,1074,60.36959091791571,9.370176622401761
16,1216,60.34854442220836,9.364537230873474
17,1146,60.3268384,9.3626382
18,1071,60.30513237779164,9.364537230873474
19,995,60.28408588208429,9.370176622401761
20,785,60.2643384,9.379385024526945
21,651,60.24648994878918,9.391882644610128
22,554,60.23108284461013,9.407289748789182
23,634,60.21858522452695,9.4251382
24,669,60.20937682240176,9.44488568208429
25,718,60.203737430873474,9.465932177791633
26,648,60.2018384,9.4876382
27,755,60.203737430873474,9.509344222208366
28,696,60.20937682240176,9.530390717915708
29,795,60.21858522452695,9.5501382
30,879,60.23108284461013,9.567986651210816
31,701,60.24648994878918,9.58339375538987
32,330,60.2643384,9.595891375473053
33,491,60.28408588208429,9.605099777598237
34,584,60.30513237779164,9.610739169126525
35,426,60.3268384,9.6126382
36,124,60.3494126630967,9.615663207891586
37,124,60.37130101863234,9.609798240702167
38,363,60.3918384,9.600221502491976
39,685,60.41040078925925,9.587223977605467
40,882,60.42642417760547,9.571200589259249
41,969,60.43942170249198,9.552638199999999
42,944,60.44899844070217,9.532100818632337
43,664,60.45486340789159,9.5102124630967
44,617,60.4568384,9.4876382
45,424,60.45486340789159,9.465063936903299
46,278,60.44899844070217,9.443175581367662
47,130,60.43942170249198,9.4226382
48,147,60.42642417760547,9.40407581074075
49,452,60.41040078925925,9.388052422394532
50,717,60.3918384,9.375054897508022
51,1058,60.37130101863234,9.365478159297831
52,1166,60.3494126630967,9.359613192108412
53,1105,60.3268384,9.357638199999998
54,1027,60.3042641369033,9.359613192108412
55,990,60.28237578136766,9.365478159297831
56,764,60.2618384,9.375054897508022
57,598,60.24327601074075,9.388052422394532
58,505,60.22725262239453,9.40407581074075
59,611,60.21425509750802,9.4226382
60,669,60.20467835929783,9.443175581367662
61,645,60.19881339210841,9.465063936903299
62,650,60.1968384,9.4876382
63,793,60.19881339210841,9.5102124630967
64,730,60.20467835929783,9.532100818632337
65,740,60.21425509750802,9.552638199999999
66,832,60.22725262239453,9.571200589259249
67,534,60.24327601074075,9.587223977605467
68,294,60.2618384,9.600221502491976
69,487,60.28237578136766,9.609798240702167
70,506,60.3042641369033,9.615663207891586
71,308,60.3268384,9.6176382
72,124,60.35028090398504,9.620587246656648
73,124,60.373011119348966,9.614496703806097
74,454,60.3943384,9.6045516295109
75,703,60.41361472730768,9.59105419982106
76,928,60.43025439982106,9.574414527307683
77,997,60.4437518295109,9.5551382
78,883,60.4536969038061,9.533810919348964
79,657,60.45978744665665,9.511080703985035
80,669,60.4618384,9.4876382
81,501,60.45978744665665,9.464195696014963
82,459,60.4536969038061,9.441465480651035
83,149,60.4437518295109,9.420138199999998
84,133,60.43025439982106,9.400861872692316
85,354,60.41361472730768,9.384222200178938
86,671,60.3943384,9.3707247704891
87,995,60.373011119348966,9.360779696193902
88,1107,60.35028090398504,9.354689153343351
89,1087,60.3268384,9.3526382
90,1016,60.30339589601496,9.354689153343351
91,975,60.28066568065103,9.360779696193902
92,681,60.2593384,9.3707247704891
93,491,60.24006207269232,9.384222200178938
94,472,60.22342240017894,9.400861872692316
95,625,60.2099249704891,9.420138199999998
96,685,60.1999798961939,9.441465480651035
97,560,60.19388935334335,9.464195696014963
98,642,60.1918384,9.4876382
99,806,60.19388935334335,9.511080703985035
0,613,60.1999798961939,9.533810919348964
1,672,60.2099249704891,9.5551382
2,711,60.22342240017894,9.574414527307683
3,366,60.24006207269232,9.59105419982106
4,247,60.2593384,9.6045516295109
5,524,60.28066568065103,9.614496703806097
6,441,60.30339589601496,9.620587246656648
7,215,60.3268384,9.622638199999999
8,150,60.35114914487337,9.625511285421709
9,124,60.374721220065595,9.619195166910027
10,419,60.3968384,9.60888175652982
11,704,60.416828665356114,9.594884422036657
12,902,60.43408462203666,9.577628465356115
13,1001,60.44808195652982,9.5576382
14,850,60.458395366910025,9.535521020065593
15,697,60.46471148542171,9.51194894487337
16,686,60.4668384,9.4876382
17,565,60.46471148542171,9.46332745512663
18,549,60.458395366910025,9.439755379934406
19,286,60.44808195652982,9.417638199999999
20,164,60.43408462203666,9.397647934643883
21,226,60.416828665356114,9.380391977963342
22,670,60.3968384,9.366394643470178
23,955,60.374721220065595,9.356081233089972
24,1055,60.35114914487337,9.34976511457829
25,1080,60.3268384,9.347638199999999
26,1009,60.30252765512663,9.34976511457829
27,964,60.278955579934404,9.356081233089972
28,576,60.2568384,9.366394643470178
29,426,60.236848134643886,9.380391977963342
30,388,60.21959217796334,9.397647934643883
31,540,60.20559484347018,9.417638199999999
32,651,60.195281433089974,9.439755379934406
33,529,60.18896531457829,9.46332745512663
34,659,60.1868384,9.4876382
35,710,60.18896531457829,9.51194894487337
36,558,60.195281433089974,9.535521020065593
37,652,60.20559484347018,9.5576382
38,635,60.21959217796334,9.577628465356115
39,257,60.236848134643886,9.594884422036657
40,229,60.2568384,9.60888175652982
41,547,60.278955579934404,9.619195166910027
42,332,60.30252765512663,9.625511285421709
43,166,60.3268384,9.6276382
44,124,60.352017385761705,9.63043532418677
45,203,60.376431320782224,9.623893630013956
46,409,60.3993384,9.613211883548743
47,624,60.420042603404546,9.59871464425225
48,740,60.437914844252255,9.580842403404548
49,912,60.452412083548744,9.560138199999999
50,941,60.46309383001395,9.537231120782222
51,753,60.46963552418677,9.512817185761705
52,728,60.4718384,9.4876382
53,614,60.46963552418677,9.462459214238294
54,565,60.46309383001395,9.438045279217777
55,563,60.452412083548744,9.4151382
56,297,60.437914844252255,9.39443399659545
57,167,60.420042603404546,9.376561755747748
58,637,60.3993384,9.362064516451255
59,904,60.376431320782224,9.351382769986042
60,1014,60.352017385761705,9.344841075813228
61,1035,60.3268384,9.3426382
62,1067,60.301659414238294,9.344841075813228
63,957,60.277245479217775,9.351382769986042
64,477,60.2543384,9.362064516451255
65,332,60.23363419659545,9.376561755747748
66,303,60.215761955747745,9.39443399659545
67,415,60.201264716451256,9.4151382
68,543,60.190582969986046,9.438045279217777
69,516,60.18404127581323,9.462459214238294
70,564,60.1818384,9.4876382
71,581,60.18404127581323,9.512817185761705
72,507,60.190582969986046,9.537231120782222
73,636,60.201264716451256,9.560138199999999
74,541,60.215761955747745,9.580842403404548
75,212,60.23363419659545,9.59871464425225
76,203,60.2543384,9.613211883548743
77,578,60.277245479217775,9.623893630013956
78,260,60.301659414238294,9.63043532418677
79,124,60.3268384,9.632638199999999
80,124,60.35288562665004,9.63535936295183
81,192,60.37814142149885,9.628592093117886
82,381,60.4018384,9.617542010567664
83,642,60.42325654145298,9.602544866467847
84,689,60.441745066467846,9.58405634145298
85,769,60.45674221056767,9.562638199999999
86,1039,60.46779229311789,9.538941221498849
87,775,60.47455956295183,9.513685426650039
88,798,60.4768384,9.4876382
89,654,60.47455956295183,9.46159097334996
90,575,60.46779229311789,9.43633517850115
91,701,60.45674221056767,9.4126382
92,550,60.441745066467846,9.391220058547018
93,157,60.42325654145298,9.372731533532152
94,608,60.4018384,9.357734389432334
95,893,60.37814142149885,9.346684306882112
96,972,60.35288562665004,9.339917037048169
97,1035,60.3268384,9.337638199999999
98,1151,60.30079117334996,9.339917037048169
99,869,60.27553537850115,9.346684306882112
0,372,60.2518384,9.357734389432334
1,280,60.23042025854702,9.372731533532152
2,262,60.211931733532154,9.391220058547018
3,324,60.19693458943233,9.4126382
4,446,60.18588450688211,9.43633517850115
5,505,60.17911723704817,9.46159097334996
6,524,60.1768384,9.4876382
7,597,60.17911723704817,9.513685426650039
8,609,60.18588450688211,9.538941221498849
9,568,60.19693458943233,9.562638199999999
10,424,60.211931733532154,9.58405634145298
11,149,60.23042025854702,9.602544866467847
12,169,60.2518384,9.617542010567664
13,608,60.27553537850115,9.628592093117886
14,256,60.30079117334996,9.63535936295183
15,124,60.3268384,9.6376382
16,124,60.35375386753837,9.640283401716891
17,220,60.37985152221548,9.633290556221816
18,428,60.4043384,9.621872137586587
19,635,60.42647047950141,9.606375088683441
20,682,60.44557528868344,9.587270279501412
21,736,60.461072337586586,9.5651382
22,984,60.472490756221816,9.540651322215478
23,788,60.47948360171689,9.514553667538374
24,849,60.4818384,9.4876382
25,701,60.47948360171689,9.460722732461624
26,705,60.472490756221816,9.43462507778452
27,789,60.461072337586586,9.410138199999999
28,636,60.44557528868344,9.388006120498586
29,137,60.42647047950141,9.368901311316558
30,509,60.4043384,9.353404262413411
31,904,60.37985152221548,9.341985843778183
32,919,60.35375386753837,9.334992998283107
33,1036,60.3268384,9.3326382
34,1182,60.29992293246163,9.334992998283107
35,907,60.27382527778452,9.341985843778183
36,341,60.2493384,9.353404262413411
37,276,60.22720632049859,9.368901311316558
38,235,60.208101511316556,9.388006120498586
39,214,60.192604462413414,9.410138199999999
40,321,60.18118604377818,9.43462507778452
41,501,60.174193198283106,9.460722732461624
42,524,60.1718384,9.4876382
43,623,60.174193198283106,9.514553667538374
44,502,60.18118604377818,9.540651322215478
45,544,60.192604462413414,9.5651382
46,370,60.208101511316556,9.587270279501412
47,124,60.22720632049859,9.606375088683441
48,124,60.2493384,9.621872137586587
49,561,60.27382527778452,9.633290556221816
50,197,60.29992293246163,9.640283401716891
51,124,60.3268384,9.642638199999999
52,143,60.35462210842671,9.645207440481952
53,232,60.381561622932104,9.637989019325744
54,455,60.4068384,9.62620226460551
55,641,60.42968441754984,9.610205310899035
56,694,60.449405510899034,9.590484217549845
57,806,60.46540246460551,9.5676382
58,949,60.477189219325744,9.542361422932107
59,823,60.484407640481955,9.515421908426708
60,877,60.486838399999996,9.4876382
61,711,60.484407640481955,9.45985449157329
62,709,60.477189219325744,9.432914977067892
63,724,60.46540246460551,9.4076382
64,656,60.449405510899034,9.384792182450154
65,139,60.42968441754984,9.365071089100963
66,463,60.4068384,9.349074135394488
67,920,60.381561622932104,9.337287380674255
68,886,60.35462210842671,9.330068959518046
69,1001,60.3268384,9.327638199999999
70,1121,60.29905469157329,9.330068959518046
71,896,60.272115177067896,9.337287380674255
72,300,60.2468384,9.349074135394488
73,263,60.223992382450156,9.365071089100963
74,182,60.204271289100966,9.384792182450154
75,163,60.18827433539449,9.4076382
76,291,60.176487580674255,9.432914977067892
77,449,60.169269159518045,9.45985449157329
78,507,60.1668384,9.4876382
79,553,60.169269159518045,9.515421908426708
80,462,60.176487580674255,9.542361422932107
81,515,60.18827433539449,9.5676382
82,348,60.204271289100966,9.590484217549845
83,124,60.223992382450156,9.610205310899035
84,124,60.2468384,9.62620226460551
85,390,60.272115177067896,9.637989019325744
86,166,60.29905469157329,9.645207440481952
87,124,60.3268384,9.6476382
88,197,60.35549034931504,9.650131479247014
89,285,60.38327172364873,9.642687482429674
90,461,60.4093384,9.630532391624431
91,644,60.432898355598276,9.614035533114631
92,703,60.45323573311463,9.593698155598279
93,993,60.469732591624435,9.570138199999999
94,867,60.48188768242967,9.544071523648734
95,841,60.489331679247016,9.516290149315044
96,917,60.4918384,9.4876382
97,748,60.489331679247016,9.458986250684955
98,649,60.48188768242967,9.431204876351265
99,721,60.469732591624435,9.4051382
0,660,60.45323573311463,9.38157824440172
1,164,60.432898355598276,9.361240866885367
2,544,60.4093384,9.344744008375567
3,897,60.38327172364873,9.332588917570325
4,920,60.35549034931504,9.325144920752985
5,1003,60.3268384,9.3226382
6,1100,60.29818645068496,9.325144920752985
7,897,60.27040507635127,9.332588917570325
8,269,60.2443384,9.344744008375567
9,272,60.220778444401724,9.361240866885367
10,259,60.20044106688537,9.38157824440172
11,171,60.183944208375564,9.4051382
12,285,60.17178911757033,9.431204876351265
13,391,60.164345120752984,9.458986250684955
14,452,60.1618384,9.4876382
15,456,60.164345120752984,9.516290149315044
16,481,60.17178911757033,9.544071523648734
17,475,60.183944208375564,9.570138199999999
18,295,60.20044106688537,9.593698155598279
19,124,60.220778444401724,9.614035533114631
20,124,60.2443384,9.630532391624431
21,277,60.27040507635127,9.642687482429674
22,128,60.29818645068496,9.650131479247014
23,124,60.3268384,9.652638199999998
24,241,60.35635859020338,9.655055518012075
25,332,60.38498182436536,9.647385945533603
26,548,60.4118384,9.634862518643354
27,656,60.43611229364671,9.617865755330225
28,828,60.45706595533023,9.596912093646711
29,1021,60.47406271864335,9.5726382
30,883,60.48658614553361,9.545781624365363
31,879,60.49425571801208,9.517158390203377
32,921,60.4968384,9.4876382
33,752,60.49425571801208,9.458118009796621
34,678,60.48658614553361,9.429494775634636
35,714,60.47406271864335,9.402638199999998
36,707,60.45706595533023,9.378364306353287
37,199,60.43611229364671,9.357410644669773
38,564,60.4118384,9.340413881356644
39,885,60.38498182436536,9.327890454466395
40,954,60.35635859020338,9.320220881987924
41,998,60.3268384,9.3176382
42,1047,60.29731820979662,9.320220881987924
43,875,60.26869497563464,9.327890454466395
44,275,60.2418384,9.340413881356644
45,288,60.21756450635329,9.357410644669773
46,340,60.19661084466977,9.378364306353287
47,182,60.17961408135665,9.402638199999998
48,251,60.16709065446639,9.429494775634636
49,325,60.15942108198792,9.458118009796621
50,469,60.1568384,9.4876382
51,473,60.15942108198792,9.517158390203377
52,408,60.16709065446639,9.545781624365363
53,436,60.17961408135665,9.5726382
54,229,60.19661084466977,9.596912093646711
55,124,60.21756450635329,9.617865755330225
56,124,60.2418384,9.634862518643354
57,222,60.26869497563464,9.647385945533603
58,124,60.29731820979662,9.655055518012075
59,124,60.3268384,9.6576382
60,324,60.357226831091715,9.659979556777136
61,387,60.38669192508199,9.652084408637533
62,575,60.4143384,9.639192645662275
63,685,60.43932623169514,9.621695977545821
64,1007,60.46089617754582,9.600126031695144
65,997,60.47839284566228,9.5751382
66,945,60.491284608637535,9.547491725081992
67,868,60.49917975677714,9.518026631091711
68,861,60.5018384,9.4876382
69,759,60.49917975677714,9.457249768908287
70,771,60.491284608637535,9.427784674918007
71,708,60.47839284566228,9.400138199999999
72,668,60.46089617754582,9.375150368304855
73,344,60.43932623169514,9.353580422454177
74,478,60.4143384,9.336083754337723
75,851,60.38669192508199,9.323191991362465
76,969,60.357226831091715,9.315296843222862
77,978,60.3268384,9.312638199999999
78,1021,60.296449968908284,9.315296843222862
79,823,60.26698487491801,9.323191991362465
80,330,60.2393384,9.336083754337723
81,416,60.21435056830486,9.353580422454177
82,435,60.19278062245418,9.375150368304855
83,264,60.17528395433772,9.400138199999999
84,209,60.162392191362464,9.427784674918007
85,305,60.15449704322286,9.457249768908287
86,408,60.1518384,9.4876382
87,454,60.15449704322286,9.518026631091711
88,410,60.162392191362464,9.547491725081992
89,406,60.17528395433772,9.5751382
90,192,60.19278062245418,9.600126031695144
91,124,60.21435056830486,9.621695977545821
92,231,60.2393384,9.639192645662275
93,154,60.26698487491801,9.652084408637533
94,124,60.296449968908284,9.659979556777136
95,168,60.3268384,9.6626382
96,423,60.358095071980046,9.664903595542196
97,402,60.38840202579862,9.656782871741463
98,586,60.4168384,9.643522772681198
99,786,60.44254016974358,9.625526199761415
0,1106,60.46472639976142,9.603339969743576
1,1024,60.4827229726812,9.577638199999999
2,1112,60.49598307174146,9.549201825798619
3,833,60.5041037955422,9.518894871980047
4,814,60.5068384,9.4876382
5,781,60.5041037955422,9.456381528019952
6,799,60.49598307174146,9.42607457420138
7,762,60.4827229726812,9.3976382
8,686,60.46472639976142,9.371936430256422
9,514,60.44254016974358,9.349750200238583
10,326,60.4168384,9.3317536273188
11,832,60.38840202579862,9.318493528258536
12,944,60.358095071980046,9.310372804457803
13,977,60.3268384,9.3076382
14,952,60.295581728019954,9.310372804457803
15,787,60.26527477420138,9.318493528258536
16,437,60.236838399999996,9.3317536273188
17,452,60.21113663025642,9.349750200238583
18,480,60.18895040023858,9.371936430256422
19,227,60.1709538273188,9.3976382
20,163,60.157693728258536,9.42607457420138
21,214,60.1495730044578,9.456381528019952
22,418,60.1468384,9.4876382
23,466,60.1495730044578,9.518894871980047
24,456,60.157693728258536,9.549201825798619
25,313,60.1709538273188,9.577638199999999
26,182,60.18895040023858,9.603339969743576
27,124,60.21113663025642,9.625526199761415
28,302,60.236838399999996,9.643522772681198
29,124,60.26527477420138,9.656782871741463
30,124,60.295581728019954,9.664903595542196
31,184,60.3268384,9.667638199999999
32,496,60.35896331286838,9.669827634307257
33,408,60.39011212651525,9.661481334845393
34,608,60.4193384,9.647852899700121
35,860,60.44575410779201,9.62935642197701
36,1218,60.46855662197701,9.606553907792009
37,1210,60.48705309970012,9.580138199999999
38,1011,60.50068153484539,9.550911926515248
39,798,60.50902783430726,9.51976311286838
40,754,60.5118384,9.4876382
41,810,60.50902783430726,9.455513287131618
42,798,60.50068153484539,9.42436447348475
43,858,60.48705309970012,9.3951382
44,721,60.46855662197701,9.36872249220799
45,622,60.44575410779201,9.34591997802299
46,313,60.4193384,9.327423500299878
47,794,60.39011212651525,9.313795065154606
48,916,60.35896331286838,9.305448765692741
49,1002,60.3268384,9.302638199999999
50,923,60.29471348713162,9.305448765692741
51,744,60.26356467348475,9.313795065154606
52,438,60.2343384,9.327423500299878
53,635,60.20792269220799,9.34591997802299
54,448,60.18512017802299,9.36872249220799
55,372,60.16662370029988,9.3951382
56,171,60.15299526515461,9.42436447348475
57,202,60.14464896569274,9.455513287131618
58,479,60.1418384,9.4876382
59,385,60.14464896569274,9.51976311286838
60,401,60.15299526515461,9.550911926515248
61,277,60.16662370029988,9.580138199999999
62,160,60.18512017802299,9.606553907792009
63,126,60.20792269220799,9.62935642197701
64,376,60.2343384,9.647852899700121
65,124,60.26356467348475,9.661481334845393
66,124,60.29471348713162,9.669827634307257
67,222,60.3268384,9.6726382
68,549,60.35983155375671,9.674751673072318
69,400,60.39182222723188,9.666179797949322
70,636,60.4218384,9.652183026719042
71,934,60.448968045840445,9.633186644192605
72,1227,60.472386844192606,9.609767845840441
73,1249,60.491383226719044,9.5826382
74,913,60.50537999794932,9.552622027231877
75,730,60.51395187307232,9.520631353756716
76,692,60.5168384,9.4876382
77,967,60.51395187307232,9.454645046243282
78,848,60.50537999794932,9.422654372768122
79,903,60.491383226719044,9.392638199999999
80,767,60.472386844192606,9.365508554159558
81,694,60.448968045840445,9.342089755807393
82,243,60.4218384,9.323093373280956
83,759,60.39182222723188,9.309096602050676
84,914,60.35983155375671,9.30052472692768
85,1028,60.3268384,9.2976382
86,957,60.293845246243286,9.30052472692768
87,713,60.26185457276812,9.309096602050676
88,474,60.2318384,9.323093373280956
89,683,60.204708754159554,9.342089755807393
90,447,60.181289955807394,9.365508554159558
91,424,60.162293573280955,9.392638199999999
92,270,60.14829680205068,9.422654372768122
93,190,60.13972492692768,9.454645046243282
94,507,60.1368384,9.4876382
95,338,60.13972492692768,9.520631353756716
96,361,60.14829680205068,9.552622027231877
97,248,60.162293573280955,9.5826382
98,147,60.181289955807394,9.609767845840441
99,236,60.204708754159554,9.633186644192605
0,450,60.2318384,9.652183026719042
1,124,60.26185457276812,9.666179797949322
2,124,60.293845246243286,9.674751673072318
3,327,60.3268384,9.677638199999999
4,601,60.36069979464505,9.67967571183738
5,422,60.393532327948506,9.670878261053252
6,639,60.424338399999996,9.656513153737965
7,1007,60.45218198388888,9.6370168664082
8,1218,60.4762170664082,9.612981783888875
9,1201,60.49571335373796,9.5851382
10,851,60.510078461053254,9.554332127948504
11,684,60.518875911837384,9.52149959464505
12,615,60.5218384,9.4876382
13,948,60.518875911837384,9.453776805354948
14,852,60.510078461053254,9.420944272051495
15,848,60.49571335373796,9.390138199999999
16,796,60.4762170664082,9.362294616111123
17,655,60.45218198388888,9.338259533591799
18,216,60.424338399999996,9.318763246262034
19,765,60.393532327948506,9.304398138946746
20,917,60.36069979464505,9.295600688162619
21,1019,60.3268384,9.292638199999999
22,914,60.29297700535495,9.295600688162619
23,582,60.26014447205149,9.304398138946746
24,587,60.2293384,9.318763246262034
25,758,60.20149481611112,9.338259533591799
26,582,60.177459733591796,9.362294616111123
27,449,60.15796344626204,9.390138199999999
28,378,60.143598338946745,9.420944272051493
29,172,60.134800888162616,9.453776805354948
30,502,60.1318384,9.4876382
31,408,60.134800888162616,9.52149959464505
32,295,60.143598338946745,9.554332127948504
33,282,60.15796344626204,9.5851382
34,124,60.177459733591796,9.612981783888875
35,394,60.20149481611112,9.6370168664082
36,403,60.2293384,9.656513153737965
37,165,60.26014447205149,9.670878261053252
38,124,60.29297700535495,9.67967571183738
39,452,60.3268384,9.6826382
